Parameter,Value
MSE,0.14473684210526316
MAE,0.14473684210526316
R-SQUARED,0.4174216027874563
RMSE,0.3804429551263411
ACCURACY,0.8552631578947368
