Metrics,Value
MSE,0.3157894736842105
MAE,0.3157894736842105
R-SQUARED,-0.26666666666666683
RMSE,0.5619514869490163
ACCURACY,0.6842105263157895
